{
  "emotion_output_accuracy": [
    0.7930051684379578,
    0.8957308530807495,
    0.914704442024231,
    0.9267124533653259,
    0.9360649585723877,
    0.9423252940177917,
    0.947446346282959,
    0.9511434435844421,
    0.9538016319274902,
    0.956218421459198,
    0.9585077166557312,
    0.9602246880531311,
    0.9616324305534363,
    0.9625194072723389,
    0.9640437960624695,
    0.9648032784461975,
    0.9659777879714966,
    0.9667101502418518,
    0.9675808548927307,
    0.9681314826011658,
    0.9689913392066956,
    0.9692707061767578,
    0.9696260094642639,
    0.9706296324729919,
    0.9711884260177612,
    0.9708954691886902,
    0.9717770218849182,
    0.9720211029052734,
    0.9723520278930664,
    0.9724144339561462,
    0.973605215549469,
    0.9733339548110962,
    0.9735563397407532,
    0.9738900065422058,
    0.9747227430343628
  ],
  "emotion_output_loss": [
    0.606387197971344,
    0.3216297924518585,
    0.26481643319129944,
    0.228456050157547,
    0.20052304863929749,
    0.18052497506141663,
    0.1661573201417923,
    0.15500696003437042,
    0.14630769193172455,
    0.13845020532608032,
    0.13270463049411774,
    0.12702316045761108,
    0.12268976122140884,
    0.11876610666513443,
    0.1153276190161705,
    0.1111898347735405,
    0.10986285656690598,
    0.10652177780866623,
    0.10353340208530426,
    0.10181853920221329,
    0.09892532974481583,
    0.09737002104520798,
    0.09591159969568253,
    0.0939817875623703,
    0.09265664964914322,
    0.09248954057693481,
    0.08993186801671982,
    0.08884915709495544,
    0.08820711076259613,
    0.08730777353048325,
    0.08464246988296509,
    0.08429431915283203,
    0.08422708511352539,
    0.08340708166360855,
    0.08054731041193008
  ],
  "hate_output_accuracy": [
    0.2991664707660675,
    0.3090153634548187,
    0.3106536865234375,
    0.31147825717926025,
    0.3117847740650177,
    0.31196650862693787,
    0.31198278069496155,
    0.312167227268219,
    0.3123462498188019,
    0.3126066327095032,
    0.3127531111240387,
    0.31292128562927246,
    0.31314370036125183,
    0.31326305866241455,
    0.31327933073043823,
    0.3134908974170685,
    0.3132440447807312,
    0.31348004937171936,
    0.3133552670478821,
    0.31338509917259216,
    0.31337425112724304,
    0.31341221928596497,
    0.3135044574737549,
    0.31366991996765137,
    0.3134203553199768,
    0.3136237859725952,
    0.3139275908470154,
    0.3138028085231781,
    0.3138028085231781,
    0.3136237859725952,
    0.31348004937171936,
    0.3135993778705597,
    0.31371602416038513,
    0.31374043226242065,
    0.313583105802536
  ],
  "hate_output_loss": [
    0.19374658167362213,
    0.16014164686203003,
    0.15454497933387756,
    0.1516750305891037,
    0.14972196519374847,
    0.1477743238210678,
    0.144074946641922,
    0.13831959664821625,
    0.13124893605709076,
    0.12379027158021927,
    0.11729756742715836,
    0.11174894869327545,
    0.10586178302764893,
    0.10164222866296768,
    0.09750278294086456,
    0.09376616775989532,
    0.09118298441171646,
    0.08820183575153351,
    0.0853583961725235,
    0.08297087252140045,
    0.08084908127784729,
    0.07882910221815109,
    0.07733700424432755,
    0.07553400099277496,
    0.07390376180410385,
    0.07259716838598251,
    0.07127076387405396,
    0.0700867623090744,
    0.06878697127103806,
    0.06751354038715363,
    0.06665728241205215,
    0.06529144942760468,
    0.06490489095449448,
    0.06360846012830734,
    0.06268097460269928
  ],
  "loss": [
    1.3719959259033203,
    0.9678751230239868,
    0.8927213549613953,
    0.8465459942817688,
    0.8102672100067139,
    0.7782424092292786,
    0.7438886761665344,
    0.7060914039611816,
    0.6657519936561584,
    0.625373363494873,
    0.5921708345413208,
    0.5631193518638611,
    0.5360265970230103,
    0.5156596302986145,
    0.4961283206939697,
    0.4783546030521393,
    0.466254860162735,
    0.45207342505455017,
    0.4388863444328308,
    0.4275936484336853,
    0.41717854142189026,
    0.40826597809791565,
    0.4005306363105774,
    0.3921443223953247,
    0.38441401720046997,
    0.37957340478897095,
    0.3716925084590912,
    0.3662143051624298,
    0.36060017347335815,
    0.3556584417819977,
    0.34933748841285706,
    0.3443758189678192,
    0.34140095114707947,
    0.3368273377418518,
    0.33031225204467773
  ],
  "val_emotion_output_accuracy": [
    0.886137843132019,
    0.9075311422348022,
    0.9175911545753479,
    0.9246507883071899,
    0.9301472306251526,
    0.9341309070587158,
    0.9367278218269348,
    0.9380767345428467,
    0.9393625855445862,
    0.9393500089645386,
    0.9416317939758301,
    0.9424133896827698,
    0.94188392162323,
    0.9435731768608093,
    0.944279134273529,
    0.9433084726333618,
    0.9439135789871216,
    0.9444178342819214,
    0.9455650448799133,
    0.9456911087036133,
    0.945375919342041,
    0.9458297491073608,
    0.946422278881073,
    0.9456028342247009,
    0.9459180235862732,
    0.9463592171669006,
    0.946523129940033,
    0.9465104937553406,
    0.9463340044021606,
    0.9466491937637329,
    0.9477459788322449,
    0.9486662149429321,
    0.9467626214027405,
    0.9472416639328003,
    0.9479476809501648
  ],
  "val_emotion_output_loss": [
    0.31296825408935547,
    0.2584342658519745,
    0.24007275700569153,
    0.23528237640857697,
    0.22120080888271332,
    0.22221384942531586,
    0.22052258253097534,
    0.22071890532970428,
    0.22384993731975555,
    0.21761934459209442,
    0.21813727915287018,
    0.21848560869693756,
    0.22159507870674133,
    0.2183208167552948,
    0.21049538254737854,
    0.2217988818883896,
    0.22284072637557983,
    0.2228005975484848,
    0.2205514907836914,
    0.23342914879322052,
    0.22416219115257263,
    0.23357726633548737,
    0.23055320978164673,
    0.23234334588050842,
    0.23489025235176086,
    0.23082248866558075,
    0.22680053114891052,
    0.23613758385181427,
    0.23379388451576233,
    0.22587105631828308,
    0.22970245778560638,
    0.23040436208248138,
    0.23387742042541504,
    0.24313320219516754,
    0.24022290110588074
  ],
  "val_hate_output_accuracy": [
    0.3331274390220642,
    0.3332156836986542,
    0.33356866240501404,
    0.33505621552467346,
    0.3352453112602234,
    0.33457717299461365,
    0.3349931836128235,
    0.3348923325538635,
    0.33538398146629333,
    0.33487972617149353,
    0.33508142828941345,
    0.33504360914230347,
    0.3351444602012634,
    0.33539658784866333,
    0.3354974389076233,
    0.33607736229896545,
    0.33539658784866333,
    0.33558571338653564,
    0.3354722261428833,
    0.3357495963573456,
    0.3352074921131134,
    0.3356739580631256,
    0.3357243835926056,
    0.33530834317207336,
    0.3354470133781433,
    0.33558571338653564,
    0.33556050062179565,
    0.3356361389160156,
    0.3351696729660034,
    0.3354470133781433,
    0.33503100275993347,
    0.33480408787727356,
    0.3357495963573456,
    0.3356487452983856,
    0.33556050062179565
  ],
  "val_hate_output_loss": [
    0.17212317883968353,
    0.15900878608226776,
    0.15839964151382446,
    0.15523625910282135,
    0.1537615805864334,
    0.15086786448955536,
    0.14583000540733337,
    0.1398785412311554,
    0.13306842744350433,
    0.12834690511226654,
    0.1221313327550888,
    0.11854080855846405,
    0.11477823555469513,
    0.11078668385744095,
    0.10744332522153854,
    0.10609405487775803,
    0.10369999706745148,
    0.10300761461257935,
    0.10383696854114532,
    0.09896258264780045,
    0.09764347970485687,
    0.09803085029125214,
    0.09586981683969498,
    0.09438358247280121,
    0.0950656607747078,
    0.0947599858045578,
    0.09216956049203873,
    0.09280196577310562,
    0.08899782598018646,
    0.09118519723415375,
    0.08903022110462189,
    0.0899009257555008,
    0.08861121535301208,
    0.0886068344116211,
    0.08789418637752533
  ],